tipo,copy,llamada_a_la_accion
Descubrimiento,"Si hoy empezara desde cero en tu nicho, esta sería mi primera tarea.",Revisa el contenido completo en mi enlace de afiliado.
Problema,El error que hace perder horas a muchos tu audiencia sin que se den cuenta.,Revisa el contenido completo en mi enlace de afiliado.
Educación,Tres tareas que puedes simplificar esta semana con un recurso bien preparado.,Revisa el contenido completo en mi enlace de afiliado.
Transparencia,Qué incluye realmente este kit y para quién no es.,Revisa el contenido completo en mi enlace de afiliado.
Demostración,Así convierto una idea en cinco contenidos sin empezar de cero.,Revisa el contenido completo en mi enlace de afiliado.
WhatsApp,"Si responder mensajes te roba tiempo, guarda esta estructura.",Revisa el contenido completo en mi enlace de afiliado.
Objeción,¿No tengo tiempo? Esta es la forma más pequeña de empezar.,Revisa el contenido completo en mi enlace de afiliado.
Oferta,"Si quieres aplicar este método, aquí tienes el recurso completo.",Revisa el contenido completo en mi enlace de afiliado.
Descubrimiento,"Si hoy empezara desde cero en tu nicho, esta sería mi primera tarea.",Revisa el contenido completo en mi enlace de afiliado.
Problema,El error que hace perder horas a muchos tu audiencia sin que se den cuenta.,Revisa el contenido completo en mi enlace de afiliado.
Educación,Tres tareas que puedes simplificar esta semana con un recurso bien preparado.,Revisa el contenido completo en mi enlace de afiliado.
Transparencia,Qué incluye realmente este kit y para quién no es.,Revisa el contenido completo en mi enlace de afiliado.
Demostración,Así convierto una idea en cinco contenidos sin empezar de cero.,Revisa el contenido completo en mi enlace de afiliado.
WhatsApp,"Si responder mensajes te roba tiempo, guarda esta estructura.",Revisa el contenido completo en mi enlace de afiliado.
Objeción,¿No tengo tiempo? Esta es la forma más pequeña de empezar.,Revisa el contenido completo en mi enlace de afiliado.
Oferta,"Si quieres aplicar este método, aquí tienes el recurso completo.",Revisa el contenido completo en mi enlace de afiliado.
Descubrimiento,"Si hoy empezara desde cero en tu nicho, esta sería mi primera tarea.",Revisa el contenido completo en mi enlace de afiliado.
Problema,El error que hace perder horas a muchos tu audiencia sin que se den cuenta.,Revisa el contenido completo en mi enlace de afiliado.
Educación,Tres tareas que puedes simplificar esta semana con un recurso bien preparado.,Revisa el contenido completo en mi enlace de afiliado.
Transparencia,Qué incluye realmente este kit y para quién no es.,Revisa el contenido completo en mi enlace de afiliado.
Demostración,Así convierto una idea en cinco contenidos sin empezar de cero.,Revisa el contenido completo en mi enlace de afiliado.
WhatsApp,"Si responder mensajes te roba tiempo, guarda esta estructura.",Revisa el contenido completo en mi enlace de afiliado.
Objeción,¿No tengo tiempo? Esta es la forma más pequeña de empezar.,Revisa el contenido completo en mi enlace de afiliado.
Oferta,"Si quieres aplicar este método, aquí tienes el recurso completo.",Revisa el contenido completo en mi enlace de afiliado.
Descubrimiento,"Si hoy empezara desde cero en tu nicho, esta sería mi primera tarea.",Revisa el contenido completo en mi enlace de afiliado.
Problema,El error que hace perder horas a muchos tu audiencia sin que se den cuenta.,Revisa el contenido completo en mi enlace de afiliado.
Educación,Tres tareas que puedes simplificar esta semana con un recurso bien preparado.,Revisa el contenido completo en mi enlace de afiliado.
Transparencia,Qué incluye realmente este kit y para quién no es.,Revisa el contenido completo en mi enlace de afiliado.
Demostración,Así convierto una idea en cinco contenidos sin empezar de cero.,Revisa el contenido completo en mi enlace de afiliado.
WhatsApp,"Si responder mensajes te roba tiempo, guarda esta estructura.",Revisa el contenido completo en mi enlace de afiliado.
